<?xml version="1.0" encoding="UTF-8"?>
<PE_PROJECT_SETTINGS_DOCUMENTATION>
  <PE_product_version v="version 10.3 for Freescale Microcontrollers" />
  <PE_core_version v="Processor Expert Version 0509" />
  <CPU_Bean name="Cpu" type="MK60FN1M0LQ15">
    <Enabled v="Y" />
    <Properties>
      <Component_name v="Cpu" />
      <CPU_type v="MK60FX512VLQ15" />
      <list name="Shared Internal properties" v="1">
        <EmptySection_DummyValue />
      </list>
      <list name="Shared Clock settings" v="1">
        <group name="Clock settings">
          <group name="Internal oscillator">
            <Slow_internal_reference_clock__kHz_ v="32.768000000000" />
            <boolgroup name="Initialize slow trim value" v="no" />
            <Fast_internal_reference_clock__MHz_ v="4" />
            <boolgroup name="Initialize fast trim value" v="no" />
          </group>
          <boolgroup name="RTC oscillator" v="Disabled" />
          <boolgroup name="System oscillator 0" v="Enabled">
            <enumgroup name="Clock source" v="External reference clock">
              <group name="Clock input pin">
                <Pin_name v="EXTAL0/PTA18/FTM0_FLT2/FTM_CLKIN0" />
              </group>
              <Clock_frequency__MHz_ v="50" />
            </enumgroup>
          </boolgroup>
          <boolgroup name="System oscillator 1" v="Disabled" />
          <list name="Clock source settings" v="1">
            <group name="Clock source setting 0">
              <group name="Internal reference clock">
                <MCGIRCLK_clock v="Enabled" />
                <MCGIRCLK_in_stop v="Disabled" />
                <enumgroup name="MCGIRCLK source" v="Slow">
                  <EmptySection_DummyValue />
                </enumgroup>
                <MCGIRCLK_clock__MHz_ v="0.032768000000" />
              </group>
              <group name="External reference clock">
                <OSC0ERCLK_clock v="Enabled" />
                <OSC0ERCLK_in_stop v="Disabled" />
                <OSC0ERCLK_clock__MHz_ v="50" />
                <OSC1ERCLK_clock v="Enabled" />
                <OSC1ERCLK_in_stop v="Disabled" />
                <OSC1ERCLK_clock__MHz_ v="0" />
                <ERCLK32K_clock_source v="System oscillator 0" />
                <ERCLK32K__clock__kHz_ v="50" />
              </group>
              <group name="MCG settings">
                <enumgroup name="MCG mode" v="PEE">
                  <PLL_select v="PLL 0" />
                </enumgroup>
                <MCG_output_clock v="PLL clock" />
                <MCG_output__MHz_ v="150" />
                <MCG_external_ref__clock_source v="System oscillator 0" />
                <MCG_external_ref__clock__MHz_ v="50" />
                <group name="Clock monitor">
                  <System_oscillator_0 v="Disabled" />
                  <RTC_oscillator v="Disabled" />
                  <System_oscillator_1 v="Disabled" />
                </group>
                <group name="FLL settings">
                  <FLL_module v="Disabled" />
                  <FLL_output__MHz_ v="0" />
                  <MCGFFCLK_clock__kHz_ v="24.414062500000" />
                  <enumgroup name="Reference clock source" v="External clock">
                    <Reference_clock_divider v="Auto select" />
                  </enumgroup>
                  <FLL_reference_clock__kHz_ v="48.828125000000" />
                  <Multiplication_factor v="Auto select" />
                </group>
                <group name="PLL 0 settings">
                  <PLL_module v="Enabled" />
                  <PLL_module_in_Stop v="Disabled" />
                  <External_reference_select v="System oscillator 0" />
                  <PLL_output__MHz_ v="150" />
                  <Reference_clock_divider v="Auto select" />
                  <PLL_reference_clock__MHz_ v="12.500000000000" />
                  <Multiplication_factor v="Auto select" />
                  <Loss_of_lock_interrupt v="Disabled" />
                </group>
                <group name="PLL 1 settings">
                  <PLL_module v="Disabled" />
                  <PLL_module_in_Stop v="Disabled" />
                  <PLL_output__MHz_ v="0" />
                  <External_reference_select v="System oscillator 0" />
                  <Reference_clock_divider v="Auto select" />
                  <PLL_reference_clock__MHz_ v="1" />
                  <Multiplication_factor v="Auto select" />
                  <Loss_of_lock_interrupt v="Disabled" />
                </group>
              </group>
            </group>
          </list>
        </group>
      </list>
      <Initialization_priority v="minimal priority" />
      <Watchdog_disable v="yes" />
      <group name="Internal peripherals">
        <list name="Shared NMI settings" v="1">
          <boolgroup name="NMI pin" v="Enabled">
            <NMI_Pin v="TSI0_CH5/PTA4/LLWU_P3/FTM0_CH1/NMI_b/EZP_CS_b" />
          </boolgroup>
        </list>
        <list name="Shared Reset settings" v="1">
          <boolgroup name="Reset control" v="Enabled">
            <Reset_pin v="RESET_b" />
            <Filter_in_STOP v="Disabled" />
            <Filter_in_RUN_WAIT v="Disabled" />
            <Filter_width v="1" />
          </boolgroup>
        </list>
        <list name="Shared JTAG settings" v="1">
          <group name="Debug interface (JTAG)">
            <enumgroup name="JTAG Mode" v="JTAG">
              <boolgroup name="TDI" v="Enabled">
                <TDI_Pin v="TSI0_CH2/PTA1/UART0_RX/FTM0_CH6/JTAG_TDI/EZP_DI" />
              </boolgroup>
              <boolgroup name="TDO" v="Enabled">
                <TDO_Pin v="TSI0_CH3/PTA2/UART0_TX/FTM0_CH7/JTAG_TDO/TRACE_SWO/EZP_DO" />
              </boolgroup>
              <boolgroup name="TCK" v="Enabled">
                <TCK_Pin v="TSI0_CH1/PTA0/UART0_CTS_b/UART0_COL_b/FTM0_CH5/JTAG_TCLK/SWD_CLK/EZP_CLK" />
              </boolgroup>
              <boolgroup name="TMS" v="Enabled">
                <TMS_Pin v="TSI0_CH4/PTA3/UART0_RTS_b/FTM0_CH0/JTAG_TMS/SWD_DIO" />
              </boolgroup>
              <boolgroup name="nTRST" v="Disabled" />
            </enumgroup>
          </group>
        </list>
        <list name="Shared Flash memory organization" v="1">
          <group name="Flash memory organization">
            <list name="Shared FLASH settings" v="1">
              <group name="FlexNVM settings">
                <FlexNVM_size v="512 KB" />
                <DFlash_size v="512 KB" />
                <enumgroup name="EEPROM size" v="0 bytes">
                  <boolgroup name="FlexRAM" v="Disabled" />
                </enumgroup>
              </group>
            </list>
            <list name="Flash blocks" v="2">
              <group name="Flash block 0">
                <Address v="0" />
                <Size v="524288" />
                <Write_unit_size v="8" />
                <Erase_unit_size v="4096" />
                <Protection_unit_size v="16384" />
              </group>
              <group name="Flash block 1">
                <Address v="268435456" />
                <Size v="524288" />
                <Write_unit_size v="8" />
                <Erase_unit_size v="4096" />
                <Protection_unit_size v="65536" />
              </group>
            </list>
          </group>
        </list>
        <list name="Shared Flash Memory Controller settings" v="1">
          <boolgroup name="Flexible memory controller" v="Disabled" />
        </list>
        <list name="Shared Flash Config settings" v="1">
          <boolgroup name="Flash configuration field" v="Disabled" />
        </list>
        <list name="Shared Memory Protection Unit settings" v="1">
          <boolgroup name="MPU settings" v="Enabled">
            <boolgroup name="MPU module" v="Disabled" />
          </boolgroup>
        </list>
        <list name="Shared Crossbar switch settings" v="1">
          <boolgroup name="AXBS settings" v="Disabled" />
        </list>
        <list name="Shared Peripheral Bridge AIPS0 settings" v="1">
          <boolgroup name="AIPS0 settings" v="Disabled" />
        </list>
        <list name="Shared Peripheral Bridge AIPS1 settings" v="1">
          <boolgroup name="AIPS1 settings" v="Disabled" />
        </list>
        <list name="Shared Peripheral Bridge AIPS1 settings" v="1">
          <boolgroup name="MCM settings" v="Disabled" />
        </list>
        <list name="Shared SCB settings" v="1">
          <boolgroup name="System control block settings" v="Disabled" />
        </list>
        <list name="Shared Power Management Controller settings" v="1">
          <group name="Power management controller">
            <LVD_reset v="Enabled" />
            <LVD_voltage_treshold v="Low" />
            <LVW_voltage_treshold v="Low" />
            <Bandgap_buffer v="Disabled" />
            <group name="LVD interrupt">
              <Interrupt v="INT_LVD_LVW" />
              <Interrupt_request v="Disabled" />
              <Interrupt_priority v="0 (Highest)" />
              <LVD_interrupt v="Disabled" />
              <LVW_interrupt v="Disabled" />
            </group>
          </group>
        </list>
        <list name="Shared ClockGate settings" v="1">
          <group name="System Integration Module">
            <boolgroup name="CLKOUT pin control" v="Disabled" />
            <CMT_UART_pad_drive_strength v="Single-pad drive" />
            <boolgroup name="Clock gating control" v="Disabled" />
          </group>
        </list>
      </group>
      <list name="Shared CPU interrupts/resets" v="1">
        <group name="CPU interrupts/resets">
          <boolgroup name="NMI interrupt" v="Enabled">
            <Interrupt v="INT_NMI" />
          </boolgroup>
          <boolgroup name="Hard Fault" v="Disabled" />
          <boolgroup name="Bus Fault" v="Disabled" />
          <boolgroup name="Usage Fault" v="Disabled" />
          <boolgroup name="Supervisor Call" v="Disabled" />
          <boolgroup name="Pendable Service" v="Disabled" />
          <boolgroup name="MCG" v="Disabled" />
        </group>
      </list>
      <list name="Shared External Bus Controller settings" v="1">
        <boolgroup name="External Bus" v="Disabled" />
      </list>
      <group name="Low power mode settings">
        <list name="Shared Low Power Settings" v="1">
          <group name="Allowed power modes">
            <Very_low_power_modes v="Not allowed" />
            <Low_leakage_stop_mode v="Not allowed" />
            <Very_low_leakage_stop_mode v="Not allowed" />
          </group>
        </list>
        <list name="Shared LLWU settings" v="1">
          <boolgroup name="LLWU settings" v="Disabled" />
        </list>
        <list name="Shared Low Power Settings" v="1">
          <group name="Operation mode settings">
            <group name="WAIT operation mode">
              <Return_to_wait_after_ISR v="no" />
            </group>
            <group name="SLEEP operation mode">
              <Return_to_stop_after_ISR v="no" />
            </group>
            <boolgroup name="STOP operation mode" v="Disabled" />
          </group>
        </list>
      </group>
      <list name="Clock configurations" v="1">
        <group name="Clock configuration 0">
          <boolgroup name="Very low power mode" v="Disabled" />
          <enumgroup name="Clock source setting" v="configuration 0">
            <MCG_mode v="PEE" />
            <MCG_output__MHz_ v="150" />
            <MCGIRCLK_clock__MHz_ v="0.032768" />
            <OSCERCLK_clock__MHz_ v="50" />
            <ERCLK32K__clock__kHz_ v="50" />
            <MCGFFCLK__kHz_ v="24.4140625" />
          </enumgroup>
          <group name="System clocks">
            <Core_clock_prescaler v="Auto select" />
            <Core_clock v="150" />
            <Bus_clock_prescaler v="Auto select" />
            <Bus_clock v="75" />
            <External_clock_prescaler v="Auto select" />
            <External_bus_clock v="75" />
            <Flash_clock_prescaler v="Auto select" />
            <Flash_clock v="25" />
            <enumgroup name="PLL/FLL clock selection" v="FLL">
              <Clock_frequency__MHz_ v="0" />
            </enumgroup>
          </group>
        </group>
      </list>
    </Properties>
    <Methods>
      <list name="CPUCond" v="1">
        <SetClockConfiguration v="don&amp;apos;t generate code" />
        <GetClockConfiguration v="don&amp;apos;t generate code" />
        <SetOperationMode v="don&amp;apos;t generate code" />
        <EnableInt v="don&amp;apos;t generate code" />
        <DisableInt v="don&amp;apos;t generate code" />
        <GetLLSWakeUpFlags v="don&amp;apos;t generate code" />
        <OpenBackDoor v="don&amp;apos;t generate code" />
        <GetFlexNVMPartitionCode v="don&amp;apos;t generate code" />
        <SetFlexNVMPartition v="don&amp;apos;t generate code" />
        <SetFlexRAMFunction v="don&amp;apos;t generate code" />
        <MCGAutoTrim v="don&amp;apos;t generate code" />
        <VLPModeEnable v="don&amp;apos;t generate code" />
        <VLPModeDisable v="don&amp;apos;t generate code" />
        <SystemReset v="don&amp;apos;t generate code" />
      </list>
    </Methods>
    <Events>
      <Event_module_name v="Events" />
      <list name="EvntsShrdGrp" v="1">
        <event name="OnReset" v="don&amp;apos;t generate code" />
        <event name="OnNMIINT" v="generate code">
          <Event_procedure_name v="Cpu_OnNMIINT" />
        </event>
        <event name="OnHardFault" v="don&amp;apos;t generate code" />
        <event name="OnBusFault" v="don&amp;apos;t generate code" />
        <event name="OnUsageFault" v="don&amp;apos;t generate code" />
        <event name="OnSupervisorCall" v="don&amp;apos;t generate code" />
        <event name="OnPendableService" v="don&amp;apos;t generate code" />
        <event name="OnLossOfLockINT" v="don&amp;apos;t generate code" />
        <event name="OnLossOfClockOSC0" v="don&amp;apos;t generate code" />
        <event name="OnLossOfClockRTC" v="don&amp;apos;t generate code" />
        <event name="OnLossOfClockOSC1" v="don&amp;apos;t generate code" />
        <event name="OnLowVoltageINT" v="don&amp;apos;t generate code" />
        <event name="OnLLSWakeUpINT" v="don&amp;apos;t generate code" />
      </list>
    </Events>
    <Compiler v="GNU C Compiler" />
    <CompilerProperties>
      <Compiler v="GNU C Compiler" />
      <enumgroup name="Unhandled vectors" v="One handler for all">
        <Unhandled_int_code>
          <StrgList><![CDATA[/* This code can be changed using the CPU component property "Build Options / Unhandled int code" */
PE_DEBUGHALT();
]]></StrgList>
        </Unhandled_int_code>
      </enumgroup>
      <group name="User initialization">
        <User_data_declarations>
          <StrgList></StrgList>
        </User_data_declarations>
        <User_code_before_PE_initialization>
          <StrgList></StrgList>
        </User_code_before_PE_initialization>
        <User_code_after_PE_initialization>
          <StrgList></StrgList>
        </User_code_after_PE_initialization>
      </group>
      <boolgroup name="Generate debugger files" v="yes">
        <Generate_mem_file v="yes" />
      </boolgroup>
      <group name="Startup">
        <Add_startup_file v="no" />
      </group>
      <boolgroup name="Generate linker file" v="yes">
        <Stack_size v="1024" />
        <Heap_size v="0" />
        <Set_memory_segments_to_default v="Click to set default &amp;gt;" />
        <Default_memory_for_interrupts v="INTERNAL RAM" />
        <Default_memory_for_code v="INTERNAL RAM" />
        <Default_memory_for_data v="INTERNAL RAM" />
        <list name="ROM/RAM Areas" v="3">
          <group name="MemoryArea0">
            <boolgroup name="ROM/RAM Area" v="Enabled">
              <Name v="m_interrupts" />
              <Qualifier v="RX" />
              <Address v="536805376" />
              <Size v="488" />
            </boolgroup>
          </group>
          <group name="MemoryArea1">
            <boolgroup name="ROM/RAM Area" v="Enabled">
              <Name v="m_text" />
              <Qualifier v="RX" />
              <Address v="536870912" />
              <Size v="65536" />
            </boolgroup>
          </group>
          <group name="MemoryArea2">
            <boolgroup name="ROM/RAM Area" v="Enabled">
              <Name v="m_data" />
              <Qualifier v="RW" />
              <Address v="536805864" />
              <Size v="65048" />
            </boolgroup>
          </group>
        </list>
      </boolgroup>
    </CompilerProperties>
  </CPU_Bean>
  <CPU_Bean name="Cpu" type="MK60FN1M0LQ15">
    <Enabled v="N" />
    <Properties>
      <Component_name v="Cpu" />
      <CPU_type v="MK60FX512VLQ15" />
      <list name="Shared Internal properties" v="1">
        <EmptySection_DummyValue />
      </list>
      <list name="Shared Clock settings" v="1">
        <group name="Clock settings">
          <group name="Internal oscillator">
            <Slow_internal_reference_clock__kHz_ v="32.768000000000" />
            <boolgroup name="Initialize slow trim value" v="no" />
            <Fast_internal_reference_clock__MHz_ v="4" />
            <boolgroup name="Initialize fast trim value" v="no" />
          </group>
          <boolgroup name="RTC oscillator" v="Disabled" />
          <boolgroup name="System oscillator 0" v="Enabled">
            <enumgroup name="Clock source" v="External reference clock">
              <group name="Clock input pin">
                <Pin_name v="EXTAL0/PTA18/FTM0_FLT2/FTM_CLKIN0" />
              </group>
              <Clock_frequency__MHz_ v="50" />
            </enumgroup>
          </boolgroup>
          <boolgroup name="System oscillator 1" v="Disabled" />
          <list name="Clock source settings" v="1">
            <group name="Clock source setting 0">
              <group name="Internal reference clock">
                <MCGIRCLK_clock v="Enabled" />
                <MCGIRCLK_in_stop v="Disabled" />
                <enumgroup name="MCGIRCLK source" v="Slow">
                  <EmptySection_DummyValue />
                </enumgroup>
                <MCGIRCLK_clock__MHz_ v="0.032768000000" />
              </group>
              <group name="External reference clock">
                <OSC0ERCLK_clock v="Enabled" />
                <OSC0ERCLK_in_stop v="Disabled" />
                <OSC0ERCLK_clock__MHz_ v="50" />
                <OSC1ERCLK_clock v="Enabled" />
                <OSC1ERCLK_in_stop v="Disabled" />
                <OSC1ERCLK_clock__MHz_ v="0" />
                <ERCLK32K_clock_source v="System oscillator 0" />
                <ERCLK32K__clock__kHz_ v="50" />
              </group>
              <group name="MCG settings">
                <enumgroup name="MCG mode" v="PEE">
                  <PLL_select v="PLL 0" />
                </enumgroup>
                <MCG_output_clock v="PLL clock" />
                <MCG_output__MHz_ v="20.971520000000" />
                <MCG_external_ref__clock_source v="System oscillator 0" />
                <MCG_external_ref__clock__MHz_ v="50" />
                <group name="Clock monitor">
                  <System_oscillator_0 v="Disabled" />
                  <RTC_oscillator v="Disabled" />
                  <System_oscillator_1 v="Disabled" />
                </group>
                <group name="FLL settings">
                  <FLL_module v="Disabled" />
                  <FLL_output__MHz_ v="20.971520000000" />
                  <MCGFFCLK_clock__kHz_ v="24.414062500000" />
                  <enumgroup name="Reference clock source" v="External clock">
                    <Reference_clock_divider v="Auto select" />
                  </enumgroup>
                  <FLL_reference_clock__kHz_ v="48.828125000000" />
                  <Multiplication_factor v="Auto select" />
                </group>
                <group name="PLL 0 settings">
                  <PLL_module v="Enabled" />
                  <PLL_module_in_Stop v="Disabled" />
                  <External_reference_select v="System oscillator 0" />
                  <PLL_output__MHz_ v="150" />
                  <Reference_clock_divider v="Auto select" />
                  <PLL_reference_clock__MHz_ v="12.500000000000" />
                  <Multiplication_factor v="Auto select" />
                  <Loss_of_lock_interrupt v="Disabled" />
                </group>
                <group name="PLL 1 settings">
                  <PLL_module v="Disabled" />
                  <PLL_module_in_Stop v="Disabled" />
                  <PLL_output__MHz_ v="120" />
                  <External_reference_select v="System oscillator 0" />
                  <Reference_clock_divider v="Auto select" />
                  <PLL_reference_clock__MHz_ v="1" />
                  <Multiplication_factor v="Auto select" />
                  <Loss_of_lock_interrupt v="Disabled" />
                </group>
              </group>
            </group>
          </list>
        </group>
      </list>
      <Initialization_priority v="minimal priority" />
      <Watchdog_disable v="yes" />
      <group name="Internal peripherals">
        <list name="Shared NMI settings" v="1">
          <boolgroup name="NMI pin" v="Enabled">
            <NMI_Pin v="TSI0_CH5/PTA4/LLWU_P3/FTM0_CH1/NMI_b/EZP_CS_b" />
          </boolgroup>
        </list>
        <list name="Shared Reset settings" v="1">
          <boolgroup name="Reset control" v="Enabled">
            <Reset_pin v="RESET_b" />
            <Filter_in_STOP v="Disabled" />
            <Filter_in_RUN_WAIT v="Disabled" />
            <Filter_width v="1" />
          </boolgroup>
        </list>
        <list name="Shared JTAG settings" v="1">
          <group name="Debug interface (JTAG)">
            <enumgroup name="JTAG Mode" v="JTAG">
              <boolgroup name="TDI" v="Enabled">
                <TDI_Pin v="TSI0_CH2/PTA1/UART0_RX/FTM0_CH6/JTAG_TDI/EZP_DI" />
              </boolgroup>
              <boolgroup name="TDO" v="Enabled">
                <TDO_Pin v="TSI0_CH3/PTA2/UART0_TX/FTM0_CH7/JTAG_TDO/TRACE_SWO/EZP_DO" />
              </boolgroup>
              <boolgroup name="TCK" v="Enabled">
                <TCK_Pin v="TSI0_CH1/PTA0/UART0_CTS_b/UART0_COL_b/FTM0_CH5/JTAG_TCLK/SWD_CLK/EZP_CLK" />
              </boolgroup>
              <boolgroup name="TMS" v="Enabled">
                <TMS_Pin v="TSI0_CH4/PTA3/UART0_RTS_b/FTM0_CH0/JTAG_TMS/SWD_DIO" />
              </boolgroup>
              <boolgroup name="nTRST" v="Disabled" />
            </enumgroup>
          </group>
        </list>
        <list name="Shared Flash memory organization" v="1">
          <group name="Flash memory organization">
            <list name="Shared FLASH settings" v="1">
              <EmptySection_DummyValue />
            </list>
            <list name="Flash blocks" v="2">
              <group name="Flash block 0">
                <Address v="0" />
                <Size v="524288" />
                <Write_unit_size v="8" />
                <Erase_unit_size v="4096" />
                <Protection_unit_size v="16384" />
              </group>
              <group name="Flash block 1">
                <Address v="268435456" />
                <Size v="524288" />
                <Write_unit_size v="8" />
                <Erase_unit_size v="4096" />
                <Protection_unit_size v="65536" />
              </group>
            </list>
          </group>
        </list>
        <list name="Shared Flash Memory Controller settings" v="1">
          <boolgroup name="Flexible memory controller" v="Disabled" />
        </list>
        <list name="Shared Flash Config settings" v="1">
          <boolgroup name="Flash configuration field" v="Enabled">
            <group name="Security settings">
              <boolgroup name="Flash security" v="Disabled" />
              <Freescale_failure_analysis_access v="Enabled" />
              <Mass_erase v="Enabled" />
              <Backdoor_key_security v="Disabled" />
              <Backdoor_key_0 v="255" />
              <Backdoor_key_1 v="255" />
              <Backdoor_key_2 v="255" />
              <Backdoor_key_3 v="255" />
              <Backdoor_key_4 v="255" />
              <Backdoor_key_5 v="255" />
              <Backdoor_key_6 v="255" />
              <Backdoor_key_7 v="255" />
            </group>
            <group name="Protection regions">
              <group name="P-Flash protection settings">
                <Protection_region_size v="16384" />
                <P_Flash_protection v="4294967295" />
                <group name="Protection regions">
                  <Protection_region_0 v="Unprotected" />
                  <Protection_region_1 v="Unprotected" />
                  <Protection_region_2 v="Unprotected" />
                  <Protection_region_3 v="Unprotected" />
                  <Protection_region_4 v="Unprotected" />
                  <Protection_region_5 v="Unprotected" />
                  <Protection_region_6 v="Unprotected" />
                  <Protection_region_7 v="Unprotected" />
                  <Protection_region_8 v="Unprotected" />
                  <Protection_region_9 v="Unprotected" />
                  <Protection_region_10 v="Unprotected" />
                  <Protection_region_11 v="Unprotected" />
                  <Protection_region_12 v="Unprotected" />
                  <Protection_region_13 v="Unprotected" />
                  <Protection_region_14 v="Unprotected" />
                  <Protection_region_15 v="Unprotected" />
                  <Protection_region_16 v="Unprotected" />
                  <Protection_region_17 v="Unprotected" />
                  <Protection_region_18 v="Unprotected" />
                  <Protection_region_19 v="Unprotected" />
                  <Protection_region_20 v="Unprotected" />
                  <Protection_region_21 v="Unprotected" />
                  <Protection_region_22 v="Unprotected" />
                  <Protection_region_23 v="Unprotected" />
                  <Protection_region_24 v="Unprotected" />
                  <Protection_region_25 v="Unprotected" />
                  <Protection_region_26 v="Unprotected" />
                  <Protection_region_27 v="Unprotected" />
                  <Protection_region_28 v="Unprotected" />
                  <Protection_region_29 v="Unprotected" />
                  <Protection_region_30 v="Unprotected" />
                  <Protection_region_31 v="Unprotected" />
                </group>
              </group>
              <group name="D-Flash protection settings">
                <Protection_region_size v="65536" />
                <D_Flash_protection v="255" />
                <group name="Protection regions">
                  <Protection_region_0 v="Unprotected" />
                  <Protection_region_1 v="Unprotected" />
                  <Protection_region_2 v="Unprotected" />
                  <Protection_region_3 v="Unprotected" />
                  <Protection_region_4 v="Unprotected" />
                  <Protection_region_5 v="Unprotected" />
                  <Protection_region_6 v="Unprotected" />
                  <Protection_region_7 v="Unprotected" />
                </group>
              </group>
              <group name="Eeprom protection settings">
                <Protection_region_size v="0" />
                <Eeprom_protection v="255" />
                <group name="Protection regions">
                  <Protection_region_0 v="Unprotected" />
                  <Protection_region_1 v="Unprotected" />
                  <Protection_region_2 v="Unprotected" />
                  <Protection_region_3 v="Unprotected" />
                  <Protection_region_4 v="Unprotected" />
                  <Protection_region_5 v="Unprotected" />
                  <Protection_region_6 v="Unprotected" />
                  <Protection_region_7 v="Unprotected" />
                </group>
              </group>
            </group>
            <group name="Peripheral settings">
              <EzPort_operation_at_boot v="Enabled" />
              <Low_power_boot v="Disabled" />
            </group>
          </boolgroup>
        </list>
        <list name="Shared Memory Protection Unit settings" v="1">
          <boolgroup name="MPU settings" v="Enabled">
            <boolgroup name="MPU module" v="Disabled" />
          </boolgroup>
        </list>
        <list name="Shared Crossbar switch settings" v="1">
          <boolgroup name="AXBS settings" v="Disabled" />
        </list>
        <list name="Shared Peripheral Bridge AIPS0 settings" v="1">
          <boolgroup name="AIPS0 settings" v="Disabled" />
        </list>
        <list name="Shared Peripheral Bridge AIPS1 settings" v="1">
          <boolgroup name="AIPS1 settings" v="Disabled" />
        </list>
        <list name="Shared Peripheral Bridge AIPS1 settings" v="1">
          <boolgroup name="MCM settings" v="Disabled" />
        </list>
        <list name="Shared SCB settings" v="1">
          <boolgroup name="System control block settings" v="Disabled" />
        </list>
        <list name="Shared Power Management Controller settings" v="1">
          <group name="Power management controller">
            <LVD_reset v="Enabled" />
            <LVD_voltage_treshold v="Low" />
            <LVW_voltage_treshold v="Low" />
            <Bandgap_buffer v="Disabled" />
            <group name="LVD interrupt">
              <Interrupt v="INT_LVD_LVW" />
              <LVD_interrupt v="Disabled" />
              <LVW_interrupt v="Disabled" />
            </group>
          </group>
        </list>
        <list name="Shared ClockGate settings" v="1">
          <group name="System Integration Module">
            <boolgroup name="CLKOUT pin control" v="Disabled" />
            <CMT_UART_pad_drive_strength v="Single-pad drive" />
            <boolgroup name="Clock gating control" v="Disabled" />
          </group>
        </list>
      </group>
      <list name="Shared CPU interrupts/resets" v="1">
        <group name="CPU interrupts/resets">
          <boolgroup name="NMI interrupt" v="Enabled">
            <Interrupt v="INT_NMI" />
          </boolgroup>
          <boolgroup name="Hard Fault" v="Disabled" />
          <boolgroup name="Bus Fault" v="Disabled" />
          <boolgroup name="Usage Fault" v="Disabled" />
          <boolgroup name="Supervisor Call" v="Disabled" />
          <boolgroup name="Pendable Service" v="Disabled" />
          <boolgroup name="MCG" v="Disabled" />
        </group>
      </list>
      <list name="Shared External Bus Controller settings" v="1">
        <boolgroup name="External Bus" v="Disabled" />
      </list>
      <group name="Low power mode settings">
        <list name="Shared Low Power Settings" v="1">
          <group name="Allowed power modes">
            <Very_low_power_modes v="Not allowed" />
            <Low_leakage_stop_mode v="Not allowed" />
            <Very_low_leakage_stop_mode v="Not allowed" />
          </group>
        </list>
        <list name="Shared LLWU settings" v="1">
          <boolgroup name="LLWU settings" v="Disabled" />
        </list>
        <list name="Shared Low Power Settings" v="1">
          <group name="Operation mode settings">
            <group name="WAIT operation mode">
              <Return_to_wait_after_ISR v="no" />
            </group>
            <group name="SLEEP operation mode">
              <Return_to_stop_after_ISR v="no" />
            </group>
            <boolgroup name="STOP operation mode" v="Disabled" />
          </group>
        </list>
      </group>
      <list name="Clock configurations" v="1">
        <group name="Clock configuration 0">
          <boolgroup name="Very low power mode" v="Disabled" />
          <enumgroup name="Clock source setting" v="configuration 0">
            <MCG_mode v="PEE" />
            <MCG_output__MHz_ v="150" />
            <MCGIRCLK_clock__MHz_ v="0.032768" />
            <OSCERCLK_clock__MHz_ v="50" />
            <ERCLK32K__clock__kHz_ v="50" />
            <MCGFFCLK__kHz_ v="24.4140625" />
          </enumgroup>
          <group name="System clocks">
            <Core_clock_prescaler v="Auto select" />
            <Core_clock v="150" />
            <Bus_clock_prescaler v="Auto select" />
            <Bus_clock v="75" />
            <External_clock_prescaler v="Auto select" />
            <External_bus_clock v="75" />
            <Flash_clock_prescaler v="Auto select" />
            <Flash_clock v="25" />
            <enumgroup name="PLL/FLL clock selection" v="FLL">
              <Clock_frequency__MHz_ v="0" />
            </enumgroup>
          </group>
        </group>
      </list>
    </Properties>
    <Methods>
      <list name="CPUCond" v="1">
        <SetClockConfiguration v="don&amp;apos;t generate code" />
        <GetClockConfiguration v="don&amp;apos;t generate code" />
        <SetOperationMode v="don&amp;apos;t generate code" />
        <EnableInt v="don&amp;apos;t generate code" />
        <DisableInt v="don&amp;apos;t generate code" />
        <GetLLSWakeUpFlags v="don&amp;apos;t generate code" />
        <OpenBackDoor v="don&amp;apos;t generate code" />
        <MCGAutoTrim v="don&amp;apos;t generate code" />
        <VLPModeEnable v="don&amp;apos;t generate code" />
        <VLPModeDisable v="don&amp;apos;t generate code" />
        <SystemReset v="don&amp;apos;t generate code" />
      </list>
    </Methods>
    <Events>
      <Event_module_name v="Events" />
      <list name="EvntsShrdGrp" v="1">
        <event name="OnReset" v="don&amp;apos;t generate code" />
        <event name="OnNMIINT" v="generate code">
          <Event_procedure_name v="Cpu_OnNMIINT" />
        </event>
        <event name="OnHardFault" v="don&amp;apos;t generate code" />
        <event name="OnBusFault" v="don&amp;apos;t generate code" />
        <event name="OnUsageFault" v="don&amp;apos;t generate code" />
        <event name="OnSupervisorCall" v="don&amp;apos;t generate code" />
        <event name="OnPendableService" v="don&amp;apos;t generate code" />
        <event name="OnLossOfLockINT" v="don&amp;apos;t generate code" />
        <event name="OnLossOfClockOSC0" v="don&amp;apos;t generate code" />
        <event name="OnLossOfClockRTC" v="don&amp;apos;t generate code" />
        <event name="OnLossOfClockOSC1" v="don&amp;apos;t generate code" />
        <event name="OnLowVoltageINT" v="don&amp;apos;t generate code" />
        <event name="OnLLSWakeUpINT" v="don&amp;apos;t generate code" />
      </list>
    </Events>
    <Compiler v="GNU C Compiler" />
    <CompilerProperties>
      <Compiler v="GNU C Compiler" />
      <boolgroup name="Generate debugger files" v="yes">
        <Generate_mem_file v="yes" />
      </boolgroup>
      <boolgroup name="Generate linker file" v="yes">
        <Stack_size v="1024" />
        <Heap_size v="0" />
        <Set_memory_segments_to_default v="Click to set default &amp;gt;" />
        <Default_memory_for_interrupts v="INTERNAL FLASH" />
        <Default_memory_for_code v="INTERNAL FLASH" />
        <Default_memory_for_data v="INTERNAL RAM" />
        <list name="ROM/RAM Areas" v="6">
          <group name="MemoryArea0">
            <boolgroup name="ROM/RAM Area" v="Enabled">
              <Name v="m_interrupts" />
              <Qualifier v="RX" />
              <Address v="0" />
              <Size v="488" />
            </boolgroup>
          </group>
          <group name="MemoryArea1">
            <boolgroup name="ROM/RAM Area" v="Disabled" />
          </group>
          <group name="MemoryArea2">
            <boolgroup name="ROM/RAM Area" v="Enabled">
              <Name v="m_text" />
              <Qualifier v="RX" />
              <Address v="1040" />
              <Size v="523248" />
            </boolgroup>
          </group>
          <group name="MemoryArea3">
            <boolgroup name="ROM/RAM Area" v="Disabled" />
          </group>
          <group name="MemoryArea4">
            <boolgroup name="ROM/RAM Area" v="Enabled">
              <Name v="m_data" />
              <Qualifier v="RW" />
              <Address v="536805376" />
              <Size v="65536" />
            </boolgroup>
          </group>
          <group name="MemoryArea5">
            <boolgroup name="ROM/RAM Area" v="Enabled">
              <Name v="m_data_20000000" />
              <Qualifier v="RW" />
              <Address v="536870912" />
              <Size v="65536" />
            </boolgroup>
          </group>
        </list>
      </boolgroup>
    </CompilerProperties>
  </CPU_Bean>
  <Bean name="extINT" type="ExtInt_LDD">
    <Enabled v="N" />
    <Properties>
      <Component_name v="extINT" />
      <Pin v="ADC1_SE11/PTB5/ENET0_1588_TMR3/FTM2_FLT0" />
      <Generate_interrupt_on v="falling edge" />
      <Interrupt v="INT_PORTB" />
      <Interrupt_priority v="medium priority" />
      <group name="Initialization">
        <Enabled_in_init__code v="yes" />
        <list name="Auto Initialization" v="1">
          <Auto_initialization v="yes" />
        </list>
      </group>
    </Properties>
    <Methods>
      <Init v="generate code" />
      <Deinit v="don&amp;apos;t generate code" />
      <Enable v="don&amp;apos;t generate code" />
      <Disable v="don&amp;apos;t generate code" />
      <GetVal v="don&amp;apos;t generate code" />
      <SetEdge v="don&amp;apos;t generate code" />
      <SetOperationMode v="don&amp;apos;t generate code" />
      <GetDriverState v="don&amp;apos;t generate code" />
      <ConnectPin v="don&amp;apos;t generate code" />
    </Methods>
    <Events>
      <Event_module_name v="Events" />
      <event name="OnInterrupt" v="generate code">
        <Event_procedure_name v="extINT_OnInterrupt" />
      </event>
    </Events>
  </Bean>
  <Bean name="extINT_init" type="Init_GPIO">
    <Enabled v="N" />
    <Properties>
      <Component_name v="extINT_init" />
      <Device v="PTB" />
      <group name="Settings">
        <boolgroup name="Pin 0" v="Do not initialize" />
        <boolgroup name="Pin 1" v="Do not initialize" />
        <boolgroup name="Pin 2" v="Do not initialize" />
        <boolgroup name="Pin 3" v="Do not initialize" />
        <boolgroup name="Pin 4" v="Do not initialize" />
        <boolgroup name="Pin 5" v="Initialize">
          <Pin_direction v="No initialization" />
          <Output_value v="No initialization" />
          <Open_drain v="No initialization" />
          <Pull_resistor v="Enabled" />
          <Pull_selection v="Pull Up" />
          <Slew_rate v="No initialization" />
          <Drive_strength v="No initialization" />
          <Interrupt_DMA_request v="No initialization" />
          <Digital_filter v="No initialization" />
          <Passive_filter v="No initialization" />
          <Lock v="No initialization" />
        </boolgroup>
        <boolgroup name="Pin 6" v="Do not initialize" />
        <boolgroup name="Pin 7" v="Do not initialize" />
        <boolgroup name="Pin 8" v="Do not initialize" />
        <boolgroup name="Pin 9" v="Do not initialize" />
        <boolgroup name="Pin 10" v="Do not initialize" />
        <boolgroup name="Pin 11" v="Do not initialize" />
        <boolgroup name="Pin 16" v="Do not initialize" />
        <boolgroup name="Pin 17" v="Do not initialize" />
        <boolgroup name="Pin 18" v="Do not initialize" />
        <boolgroup name="Pin 19" v="Do not initialize" />
        <boolgroup name="Pin 20" v="Do not initialize" />
        <boolgroup name="Pin 21" v="Do not initialize" />
        <boolgroup name="Pin 22" v="Do not initialize" />
        <boolgroup name="Pin 23" v="Do not initialize" />
        <Digital_filter_clock_source v="Bus clock" />
        <Digital_filter_width v="0" />
      </group>
      <group name="Pin selection/routing">
        <boolgroup name="Pin 0" v="Disabled" />
        <boolgroup name="Pin 1" v="Disabled" />
        <boolgroup name="Pin 2" v="Disabled" />
        <boolgroup name="Pin 3" v="Disabled" />
        <boolgroup name="Pin 4" v="Disabled" />
        <boolgroup name="Pin 5" v="Disabled" />
        <boolgroup name="Pin 6" v="Disabled" />
        <boolgroup name="Pin 7" v="Disabled" />
        <boolgroup name="Pin 8" v="Disabled" />
        <boolgroup name="Pin 9" v="Disabled" />
        <boolgroup name="Pin 10" v="Disabled" />
        <boolgroup name="Pin 11" v="Disabled" />
        <boolgroup name="Pin 16" v="Disabled" />
        <boolgroup name="Pin 17" v="Disabled" />
        <boolgroup name="Pin 18" v="Disabled" />
        <boolgroup name="Pin 19" v="Disabled" />
        <boolgroup name="Pin 20" v="Disabled" />
        <boolgroup name="Pin 21" v="Disabled" />
        <boolgroup name="Pin 22" v="Disabled" />
        <boolgroup name="Pin 23" v="Disabled" />
      </group>
      <group name="Interrupts">
        <boolgroup name="Port interrupt" v="Enabled">
          <Interrupt v="INT_PORTB" />
          <Interrupt_request v="Disabled" />
          <Interrupt_priority v="0 (Highest)" />
          <ISR_Name v="" />
        </boolgroup>
      </group>
      <group name="Initialization">
        <Call_Init_method v="yes" />
      </group>
    </Properties>
    <Methods>
      <Init v="generate code" />
    </Methods>
    <Events>
      <EmptySection_DummyValue />
    </Events>
  </Bean>
  <Bean name="ADC" type="ADC">
    <Enabled v="N" />
    <Properties>
      <Component_name v="ADC" />
      <A_D_converter v="ADC1" />
      <Sharing v="Disabled" />
      <inhrbean type="ADC_LDD">
        <Enabled v="N" />
        <Template v="ADC_LDD" />
        <Properties>
          <Component_name v="AdcLdd1" />
          <A_D_converter v="ADC1" />
          <Discontinuous_mode v="no" />
          <boolgroup name="Interrupt service/event" v="Disabled" />
          <list name="A/D channel list" v="1">
            <group name="Channel 0">
              <enumgroup name="Channel mode" v="Single Ended">
                <group name="Input">
                  <A_D_channel__pin_ v="ADC0_SE9/ADC1_SE9/ADC2_SE9/ADC3_SE9/TSI0_CH6/PTB1/I2C0_SDA/FTM1_CH1/RMII0_MDC/MII0_MDC/FTM1_QD_PHB" />
                </group>
              </enumgroup>
            </group>
          </list>
          <boolgroup name="Static sample groups" v="Disabled" />
          <A_D_resolution v="16 bits" />
          <Conversion_time v="19.230769 &amp;#181;s" />
          <ADC_clock v="1.299 MHz (769.231 ns)" />
          <Single_conversion_time___Single_ended v="28.143 us" />
          <Single_conversion_time___Differential v="35.066 us" />
          <Additional_conversion_time___Single_ended v="19.23 us" />
          <Additional_conversion_time___Differential v="26.153 us" />
          <Result_type v="unsigned 16 bits, right justified" />
          <boolgroup name="Trigger" v="Disabled" />
          <group name="Voltage reference">
            <group name="High voltage reference">
              <Volt__ref__pin v="VREFH" />
            </group>
            <group name="Low voltage reference">
              <Volt__ref__pin v="VREFL" />
            </group>
          </group>
          <group name="Initialization">
            <Enabled_in_init__code v="yes" />
            <list name="Auto Initialization" v="1">
              <Auto_initialization v="no" />
            </list>
            <group name="Event mask">
              <OnMeasurementComplete v="Enabled" />
            </group>
          </group>
          <list name="CPU clock/configuration selection (included)" v="1">
            <group name="CPU clock/configuration selection">
              <Clock_configuration_0 v="This component enabled" />
              <Clock_configuration_1 v="This component disabled" />
              <Clock_configuration_2 v="This component disabled" />
              <Clock_configuration_3 v="This component disabled" />
              <Clock_configuration_4 v="This component disabled" />
              <Clock_configuration_5 v="This component disabled" />
              <Clock_configuration_6 v="This component disabled" />
              <Clock_configuration_7 v="This component disabled" />
            </group>
          </list>
        </Properties>
        <Methods>
          <Init v="generate code" />
          <Deinit v="don&amp;apos;t generate code" />
          <Enable v="don&amp;apos;t generate code" />
          <Disable v="don&amp;apos;t generate code" />
          <GetEventMask v="don&amp;apos;t generate code" />
          <SetEventMask v="don&amp;apos;t generate code" />
          <StartSingleMeasurement v="generate code" />
          <StartLoopMeasurement v="don&amp;apos;t generate code" />
          <StartSingleTriggeredMeasurement v="don&amp;apos;t generate code" />
          <StartLoopTriggeredMeasurement v="don&amp;apos;t generate code" />
          <CancelMeasurement v="generate code" />
          <GetMeasuredValues v="generate code" />
          <SelectSampleGroup v="don&amp;apos;t generate code" />
          <CreateSampleGroup v="generate code" />
          <GetMeasurementCompleteStatus v="generate code" />
          <SetOperationMode v="don&amp;apos;t generate code" />
          <GetDriverState v="don&amp;apos;t generate code" />
          <ConnectPin v="don&amp;apos;t generate code" />
        </Methods>
        <Events>
          <Event_module_name v="Events" />
          <event name="OnMeasurementComplete" v="generate code">
            <Event_procedure_name v="AdcLdd1_OnMeasurementComplete" />
          </event>
        </Events>
      </inhrbean>
      <boolgroup name="Interrupt service/event" v="Enabled">
        <A_D_interrupt v="INT_ADC1" />
        <A_D_interrupt_priority v="medium priority" />
      </boolgroup>
      <list name="A/D channels" v="1">
        <group name="Channel0">
          <A_D_channel__pin_ v="ADC0_SE9/ADC1_SE9/ADC2_SE9/ADC3_SE9/TSI0_CH6/PTB1/I2C0_SDA/FTM1_CH1/RMII0_MDC/MII0_MDC/FTM1_QD_PHB" />
          <boolgroup name="Mode select" v="Single Ended" />
        </group>
      </list>
      <A_D_resolution v="16 bits" />
      <Conversion_time v="19.230769 &amp;#181;s" />
      <Low_power_mode v="Disabled" />
      <High_speed_conversion_mode v="Disabled" />
      <Asynchro_clock_output v="Disabled" />
      <Sample_time v="0 = short" />
      <boolgroup name="Internal trigger" v="Disabled" />
      <Number_of_conversions v="255" />
      <group name="Initialization">
        <Enabled_in_init__code v="yes" />
        <Events_enabled_in_init_ v="yes" />
      </group>
      <group name="CPU clock/speed selection">
        <High_speed_mode v="This component enabled" />
        <Low_speed_mode v="This component disabled" />
        <Slow_speed_mode v="This component disabled" />
      </group>
    </Properties>
    <Methods>
      <Enable v="don&amp;apos;t generate code" />
      <Disable v="don&amp;apos;t generate code" />
      <EnableEvent v="don&amp;apos;t generate code" />
      <DisableEvent v="don&amp;apos;t generate code" />
      <Start v="don&amp;apos;t generate code" />
      <Stop v="don&amp;apos;t generate code" />
      <Measure v="generate code" />
      <MeasureChan v="don&amp;apos;t generate code" />
      <EnableExtChanTrigger v="don&amp;apos;t generate code" />
      <EnableIntChanTrigger v="don&amp;apos;t generate code" />
      <GetValue v="don&amp;apos;t generate code" />
      <GetChanValue v="don&amp;apos;t generate code" />
      <GetValue8 v="don&amp;apos;t generate code" />
      <GetChanValue8 v="don&amp;apos;t generate code" />
      <GetValue16 v="generate code" />
      <GetChanValue16 v="don&amp;apos;t generate code" />
      <Calibrate v="don&amp;apos;t generate code" />
      <GetCalibrationStatus v="don&amp;apos;t generate code" />
      <EnableAsynchroClock v="don&amp;apos;t generate code" />
      <DisableAsynchroClock v="don&amp;apos;t generate code" />
      <EnableAutoCompare v="don&amp;apos;t generate code" />
      <EnableRangeAutoCompare v="don&amp;apos;t generate code" />
      <DisableAutoCompare v="don&amp;apos;t generate code" />
      <ConnectPin v="don&amp;apos;t generate code" />
    </Methods>
    <Events>
      <Event_module_name v="Events" />
      <event name="BeforeNewSpeed" v="don&amp;apos;t generate code" />
      <event name="AfterNewSpeed" v="don&amp;apos;t generate code" />
      <event name="OnEnd" v="generate code">
        <Event_procedure_name v="ADC_OnEnd" />
        <Priority v="same as interrupt" />
      </event>
      <event name="OnCalibrationEnd" v="generate code">
        <Event_procedure_name v="ADC_OnCalibrationEnd" />
        <Priority v="same as interrupt" />
      </event>
    </Events>
  </Bean>
  <Bean name="UART" type="AsynchroSerial">
    <Enabled v="N" />
    <Properties>
      <Component_name v="UART" />
      <Channel v="UART0" />
      <boolgroup name="Interrupt service/event" v="Enabled">
        <Interrupt_RxD v="INT_UART0_RX_TX" />
        <Interrupt_RxD_priority v="medium priority" />
        <Interrupt_TxD v="INT_UART0_RX_TX" />
        <Interrupt_TxD_priority v="medium priority" />
        <Interrupt_Error v="INT_UART0_ERR" />
        <Interrupt_Error_priority v="medium priority" />
        <Input_buffer_size v="0" />
        <Output_buffer_size v="64" />
        <group name="Handshake">
          <boolgroup name="CTS" v="Disabled" />
          <boolgroup name="RTS" v="Disabled" />
        </group>
      </boolgroup>
      <group name="Settings">
        <Parity v="none" />
        <Width v="8 bits" />
        <Stop_bit v="1" />
        <boolgroup name="Receiver" v="Enabled">
          <RxD v="CMP3_IN1/PTA15/SPI0_SCK/UART0_RX/RMII0_TXEN/MII0_TXEN/I2S0_RXD0" />
        </boolgroup>
        <boolgroup name="Transmitter" v="Enabled">
          <TxD v="CMP3_IN0/PTA14/SPI0_PCS0/UART0_TX/RMII0_CRS_DV/MII0_RXDV/I2S0_RX_BCLK/I2S0_TXD1" />
        </boolgroup>
        <Baud_rate v="100000 baud" />
        <Break_signal v="Disabled" />
        <Wakeup_condition v="Idle line wakeup" />
        <Transmitter_output v="Not inverted" />
        <Receiver_input v="Not inverted" />
        <Stop_in_wait_mode v="no" />
        <Idle_line_mode v="starts after start bit" />
        <Break_generation_length v="Short" />
      </group>
      <group name="Initialization">
        <Enabled_in_init__code v="yes" />
        <Events_enabled_in_init_ v="yes" />
      </group>
      <group name="CPU clock/speed selection">
        <High_speed_mode v="This component enabled" />
        <Low_speed_mode v="This component disabled" />
        <Slow_speed_mode v="This component disabled" />
      </group>
      <group name="Referenced components">
        <inhrbean type="Serial_LDD">
          <Enabled v="N" />
          <Properties>
            <Component_name v="ASerialLdd1" />
            <Device v="UART0" />
            <boolgroup name="Interrupt service/event" v="Enabled">
              <Interrupt_RxD v="INT_UART0_RX_TX" />
              <Interrupt_RxD_priority v="medium priority" />
              <Interrupt_TxD v="INT_UART0_RX_TX" />
              <Interrupt_TxD_priority v="medium priority" />
              <Interrupt_Error v="INT_UART0_ERR" />
              <Interrupt_Error_priority v="medium priority" />
              <Interrupt_Idle v="" />
              <Interrupt_Idle_priority v="medium priority" />
            </boolgroup>
            <group name="Settings">
              <Data_width v="8 bits" />
              <Parity v="None" />
              <Stop_bits v="1" />
              <Loop_mode v="Normal" />
              <Baud_rate v="100000 baud" />
              <Wakeup_condition v="Address mark wakeup" />
              <Stop_in_wait_mode v="no" />
              <Idle_line_mode v="Starts after start bit" />
              <Transmitter_output v="Inverted" />
              <Receiver_input v="Inverted" />
              <Break_generation_length v="10/11 bits" />
              <boolgroup name="Receiver" v="Enabled">
                <RxD v="CMP3_IN1/PTA15/SPI0_SCK/UART0_RX/RMII0_TXEN/MII0_TXEN/I2S0_RXD0" />
              </boolgroup>
              <boolgroup name="Transmitter" v="Enabled">
                <TxD v="CMP3_IN0/PTA14/SPI0_PCS0/UART0_TX/RMII0_CRS_DV/MII0_RXDV/I2S0_RX_BCLK/I2S0_TXD1" />
              </boolgroup>
              <enumgroup name="Flow control" v="None">
                <EmptySection_DummyValue />
              </enumgroup>
            </group>
            <group name="Initialization">
              <Enabled_in_init__code v="yes" />
              <list name="Auto Initialization" v="1">
                <Auto_initialization v="no" />
              </list>
              <group name="Event mask">
                <OnBlockSent v="Enabled" />
                <OnBlockReceived v="Enabled" />
                <OnTxComplete v="Disabled" />
                <OnError v="Enabled" />
                <OnBreak v="Enabled" />
              </group>
            </group>
            <list name="CPU clock/configuration selection (included)" v="1">
              <group name="CPU clock/configuration selection">
                <Clock_configuration_0 v="This component enabled" />
                <Clock_configuration_1 v="This component disabled" />
                <Clock_configuration_2 v="This component disabled" />
                <Clock_configuration_3 v="This component disabled" />
                <Clock_configuration_4 v="This component disabled" />
                <Clock_configuration_5 v="This component disabled" />
                <Clock_configuration_6 v="This component disabled" />
                <Clock_configuration_7 v="This component disabled" />
              </group>
            </list>
          </Properties>
          <Methods>
            <Init v="generate code" />
            <Deinit v="don&amp;apos;t generate code" />
            <Enable v="don&amp;apos;t generate code" />
            <Disable v="don&amp;apos;t generate code" />
            <SendBlock v="generate code" />
            <ReceiveBlock v="generate code" />
            <CancelBlockTransmission v="don&amp;apos;t generate code" />
            <CancelBlockReception v="don&amp;apos;t generate code" />
            <GetError v="generate code" />
            <GetSentDataNum v="don&amp;apos;t generate code" />
            <GetReceivedDataNum v="don&amp;apos;t generate code" />
            <GetTxCompleteStatus v="don&amp;apos;t generate code" />
            <SetEventMask v="don&amp;apos;t generate code" />
            <GetEventMask v="don&amp;apos;t generate code" />
            <SelectBaudRate v="don&amp;apos;t generate code" />
            <GetSelectedBaudRate v="don&amp;apos;t generate code" />
            <SetParity v="don&amp;apos;t generate code" />
            <GetParity v="don&amp;apos;t generate code" />
            <SetDataWidth v="don&amp;apos;t generate code" />
            <GetDataWidth v="don&amp;apos;t generate code" />
            <SetStopBitLength v="don&amp;apos;t generate code" />
            <GetStopBitLength v="don&amp;apos;t generate code" />
            <SetLoopMode v="don&amp;apos;t generate code" />
            <GetLoopMode v="don&amp;apos;t generate code" />
            <GetStats v="don&amp;apos;t generate code" />
            <ClearStats v="don&amp;apos;t generate code" />
            <SendBreak v="don&amp;apos;t generate code" />
            <GetBreak v="don&amp;apos;t generate code" />
            <TurnTxOn v="don&amp;apos;t generate code" />
            <TurnTxOff v="don&amp;apos;t generate code" />
            <TurnRxOn v="don&amp;apos;t generate code" />
            <TurnRxOff v="don&amp;apos;t generate code" />
            <ConnectPin v="don&amp;apos;t generate code" />
            <Main v="don&amp;apos;t generate code" />
            <SetOperationMode v="don&amp;apos;t generate code" />
            <GetDriverState v="don&amp;apos;t generate code" />
          </Methods>
          <Events>
            <Event_module_name v="Events" />
            <event name="OnBlockReceived" v="generate code">
              <Event_procedure_name v="ASerialLdd1_OnBlockReceived" />
            </event>
            <event name="OnBlockSent" v="generate code">
              <Event_procedure_name v="ASerialLdd1_OnBlockSent" />
            </event>
            <event name="OnBreak" v="generate code">
              <Event_procedure_name v="ASerialLdd1_OnBreak" />
            </event>
            <event name="OnError" v="generate code">
              <Event_procedure_name v="ASerialLdd1_OnError" />
            </event>
            <event name="OnTxComplete" v="don&amp;apos;t generate code" />
            <event name="OnIdle" v="generate code">
              <Event_procedure_name v="ASerialLdd1_OnIdle" />
            </event>
            <event name="OnRxActiveEdge" v="generate code">
              <Event_procedure_name v="ASerialLdd1_OnRxActiveEdge" />
            </event>
          </Events>
        </inhrbean>
      </group>
    </Properties>
    <Methods>
      <Enable v="don&amp;apos;t generate code" />
      <Disable v="don&amp;apos;t generate code" />
      <EnableEvent v="don&amp;apos;t generate code" />
      <DisableEvent v="don&amp;apos;t generate code" />
      <RecvChar v="generate code" />
      <SendChar v="generate code" />
      <RecvBlock v="don&amp;apos;t generate code" />
      <SendBlock v="generate code" />
      <ClearRxBuf v="don&amp;apos;t generate code" />
      <ClearTxBuf v="generate code" />
      <CharsInRxBuf v="don&amp;apos;t generate code" />
      <GetCharsInRxBuf v="generate code" />
      <CharsInTxBuf v="don&amp;apos;t generate code" />
      <GetCharsInTxBuf v="generate code" />
      <SetBaudRateMode v="don&amp;apos;t generate code" />
      <GetError v="don&amp;apos;t generate code" />
      <GetBreak v="don&amp;apos;t generate code" />
      <SetBreak v="don&amp;apos;t generate code" />
      <TurnTxOn v="don&amp;apos;t generate code" />
      <TurnTxOff v="don&amp;apos;t generate code" />
      <TurnRxOn v="don&amp;apos;t generate code" />
      <TurnRxOff v="don&amp;apos;t generate code" />
      <LoopMode v="don&amp;apos;t generate code" />
      <ConnectPin v="don&amp;apos;t generate code" />
    </Methods>
    <Events>
      <Event_module_name v="Events" />
      <event name="BeforeNewSpeed" v="don&amp;apos;t generate code" />
      <event name="AfterNewSpeed" v="don&amp;apos;t generate code" />
      <event name="OnError" v="generate code">
        <Event_procedure_name v="UART_OnError" />
        <Priority v="same as interrupt" />
      </event>
      <event name="OnRxChar" v="generate code">
        <Event_procedure_name v="UART_OnRxChar" />
        <Priority v="same as interrupt" />
      </event>
      <event name="OnRxCharExt" v="don&amp;apos;t generate code" />
      <event name="OnTxChar" v="generate code">
        <Event_procedure_name v="UART_OnTxChar" />
        <Priority v="same as interrupt" />
      </event>
      <event name="OnFullRxBuf" v="don&amp;apos;t generate code" />
      <event name="OnFreeTxBuf" v="generate code">
        <Event_procedure_name v="UART_OnFreeTxBuf" />
        <Priority v="same as interrupt" />
      </event>
      <event name="OnBreak" v="don&amp;apos;t generate code" />
      <event name="OnTxComplete" v="don&amp;apos;t generate code" />
    </Events>
  </Bean>
  <Bean name="GR" type="InternalI2C">
    <Enabled v="Y" />
    <Properties>
      <Component_name v="GR" />
      <inhrbean type="I2C_LDD">
        <Enabled v="Y" />
        <Properties>
          <Component_name v="IntI2cLdd1" />
          <I2C_channel v="I2C1" />
          <boolgroup name="Interrupt service" v="Disabled" />
          <group name="Settings">
            <Mode_selection v="MASTER" />
            <boolgroup name="MASTER mode" v="Enabled">
              <group name="Initialization">
                <Address_mode v="7-bit addressing" />
                <Target_slave_address_init v="0" />
              </group>
            </boolgroup>
            <boolgroup name="SLAVE mode" v="Disabled" />
            <group name="Pins">
              <group name="SDA pin">
                <SDA_pin v="ADC1_SE4a/PTE0/SPI1_PCS1/UART1_TX/SDHC0_D1/I2C1_SDA/RTC_CLKOUT" />
              </group>
              <group name="SCL pin">
                <SCL_pin v="ADC1_SE5a/PTE1/LLWU_P0/SPI1_SOUT/UART1_RX/SDHC0_D0/I2C1_SCL/SPI1_SIN" />
              </group>
              <High_drive_select v="Disabled" />
              <Input_Glitch_filter v="0" />
            </group>
            <Internal_frequency__multiplier_factor_ v="18.75 MHz" />
            <Bits_0_2_of_Frequency_divider_register v="100" />
            <Bits_3_5_of_Frequency_divider_register v="100" />
            <SCL_frequency v="65.104 kHz" />
            <SDA_Hold v="2.613 us" />
            <SCL_start_Hold v="7.573 us" />
            <SCL_stop_Hold v="7.733 us" />
            <boolgroup name="Control acknowledge bit" v="Disabled" />
            <boolgroup name="Low timeout" v="Disabled" />
          </group>
          <group name="Initialization">
            <Enabled_in_init_code v="yes" />
            <list name="Auto Initialization" v="1">
              <Auto_initialization v="no" />
            </list>
            <group name="Event mask">
              <OnMasterBlockSent v="Disabled" />
              <OnMasterBlockReceived v="Disabled" />
              <OnMasterByteReceived v="Disabled" />
              <OnSlaveBlockSent v="Disabled" />
              <OnSlaveBlockReceived v="Disabled" />
              <OnSlaveByteReceived v="Disabled" />
              <OnSlaveRxRequest v="Disabled" />
              <OnSlaveTxRequest v="Disabled" />
              <OnSlaveGeneralCallAddr v="Disabled" />
              <OnSlaveSmBusCallAddr v="Disabled" />
              <OnSlaveSmBusAlertResponse v="Disabled" />
              <OnError v="Disabled" />
            </group>
          </group>
          <list name="CPU clock/configuration selection (included)" v="1">
            <group name="CPU clock/configuration selection">
              <Clock_configuration_0 v="This component enabled" />
              <Clock_configuration_1 v="This component disabled" />
              <Clock_configuration_2 v="This component disabled" />
              <Clock_configuration_3 v="This component disabled" />
              <Clock_configuration_4 v="This component disabled" />
              <Clock_configuration_5 v="This component disabled" />
              <Clock_configuration_6 v="This component disabled" />
              <Clock_configuration_7 v="This component disabled" />
            </group>
          </list>
        </Properties>
        <Methods>
          <Init v="generate code" />
          <Deinit v="don&amp;apos;t generate code" />
          <Enable v="don&amp;apos;t generate code" />
          <Disable v="don&amp;apos;t generate code" />
          <SetEventMask v="don&amp;apos;t generate code" />
          <GetEventMask v="don&amp;apos;t generate code" />
          <MasterSendBlock v="generate code" />
          <MasterGetBlockSentStatus v="generate code" />
          <MasterGetSentDataNum v="generate code" />
          <MasterReceiveBlock v="generate code" />
          <MasterGetBlockReceivedStatus v="generate code" />
          <MasterGetReceivedDataNum v="generate code" />
          <MasterUpdateReceiveBlockSize v="don&amp;apos;t generate code" />
          <SlaveSendBlock v="don&amp;apos;t generate code" />
          <SlaveGetBlockSentStatus v="don&amp;apos;t generate code" />
          <SlaveGetSentDataNum v="don&amp;apos;t generate code" />
          <SlaveCancelTransmissionBlock v="don&amp;apos;t generate code" />
          <SlaveReceiveBlock v="don&amp;apos;t generate code" />
          <SlaveGetBlockReceivedStatus v="don&amp;apos;t generate code" />
          <SlaveGetReceivedDataNum v="don&amp;apos;t generate code" />
          <SlaveUpdateReceiveBlockSize v="don&amp;apos;t generate code" />
          <SlaveCancelReceptionBlock v="don&amp;apos;t generate code" />
          <SelectSlaveDevice v="generate code" />
          <SendAcknowledge v="don&amp;apos;t generate code" />
          <GetError v="generate code" />
          <CheckBus v="generate code" />
          <GetStats v="don&amp;apos;t generate code" />
          <ClearStats v="don&amp;apos;t generate code" />
          <Main v="generate code" />
          <ConnectPin v="don&amp;apos;t generate code" />
          <SetOperationMode v="don&amp;apos;t generate code" />
          <GetDriverState v="don&amp;apos;t generate code" />
        </Methods>
        <Events>
          <Event_module_name v="Events" />
          <event name="OnMasterBlockSent" v="don&amp;apos;t generate code" />
          <event name="OnMasterBlockReceived" v="don&amp;apos;t generate code" />
          <event name="OnMasterByteReceived" v="don&amp;apos;t generate code" />
          <event name="OnSlaveBlockSent" v="don&amp;apos;t generate code" />
          <event name="OnSlaveBlockReceived" v="don&amp;apos;t generate code" />
          <event name="OnSlaveByteReceived" v="don&amp;apos;t generate code" />
          <event name="OnSlaveRxRequest" v="don&amp;apos;t generate code" />
          <event name="OnSlaveTxRequest" v="don&amp;apos;t generate code" />
          <event name="OnSlaveGeneralCallAddr" v="don&amp;apos;t generate code" />
          <event name="OnSlaveSmBusCallAddr" v="don&amp;apos;t generate code" />
          <event name="OnSlaveSmBusAlertResponse" v="don&amp;apos;t generate code" />
          <event name="OnError" v="don&amp;apos;t generate code" />
        </Events>
      </inhrbean>
      <I2C_channel v="I2C1" />
      <Mode_selection v="MASTER" />
      <boolgroup name="Interrupt service/event" v="Disabled" />
      <boolgroup name="MASTER mode" v="Enabled">
        <Polling_trials v="2000" />
        <Automatic_stop_condition v="no" />
        <group name="Initialization">
          <Address_mode v="7-bit addressing" />
          <Target_slave_address_init v="0" />
        </group>
      </boolgroup>
      <boolgroup name="SLAVE mode" v="Disabled" />
      <group name="Data and Clock">
        <SDA_pin v="ADC1_SE4a/PTE0/SPI1_PCS1/UART1_TX/SDHC0_D1/I2C1_SDA/RTC_CLKOUT" />
        <SCL_pin v="ADC1_SE5a/PTE1/LLWU_P0/SPI1_SOUT/UART1_RX/SDHC0_D0/I2C1_SCL/SPI1_SIN" />
        <High_drive_select v="Disabled" />
      </group>
      <Internal_frequency__multiplier_factor_ v="18.75 MHz" />
      <Bits_0_2_of_Frequency_divider_register v="100" />
      <Bits_3_5_of_Frequency_divider_register v="100" />
      <SCL_frequency v="65.104 kHz" />
      <SDA_Hold v="2.613 us" />
      <Noise__glitch__filter v="0" />
      <boolgroup name="Low timeout" v="Disabled" />
      <Wake_up v="Disabled" />
      <group name="Initialization">
        <Enabled_in_init_code v="yes" />
        <Events_enabled_in_init_ v="yes" />
      </group>
      <group name="CPU clock/speed selection">
        <High_speed_mode v="Enabled" />
        <Low_speed_mode v="Disabled" />
        <Slow_speed_mode v="Disabled" />
      </group>
    </Properties>
    <Methods>
      <Enable v="don&amp;apos;t generate code" />
      <Disable v="don&amp;apos;t generate code" />
      <EnableEvent v="don&amp;apos;t generate code" />
      <DisableEvent v="don&amp;apos;t generate code" />
      <SendChar v="generate code" />
      <RecvChar v="generate code" />
      <SendBlock v="generate code" />
      <RecvBlock v="generate code" />
      <SendStop v="generate code" />
      <ClearTxBuf v="don&amp;apos;t generate code" />
      <ClearRxBuf v="don&amp;apos;t generate code" />
      <GetCharsInTxBuf v="don&amp;apos;t generate code" />
      <GetCharsInRxBuf v="don&amp;apos;t generate code" />
      <SelectSlave v="generate code" />
      <GetSelected v="don&amp;apos;t generate code" />
      <GetSelected10 v="don&amp;apos;t generate code" />
      <SetMode v="don&amp;apos;t generate code" />
      <GetMode v="don&amp;apos;t generate code" />
      <SelectSlave10 v="don&amp;apos;t generate code" />
      <SelectSpecialCommand v="don&amp;apos;t generate code" />
      <CheckBus v="don&amp;apos;t generate code" />
      <ConnectPin v="don&amp;apos;t generate code" />
    </Methods>
    <Events>
      <Event_module_name v="Events" />
      <event name="BeforeNewSpeed" v="don&amp;apos;t generate code" />
      <event name="AfterNewSpeed" v="don&amp;apos;t generate code" />
      <event name="OnReceiveData" v="don&amp;apos;t generate code" />
      <event name="OnTransmitData" v="don&amp;apos;t generate code" />
      <event name="OnByteTransfer" v="don&amp;apos;t generate code" />
      <event name="OnReadReq" v="don&amp;apos;t generate code" />
      <event name="OnWriteReq" v="don&amp;apos;t generate code" />
      <event name="OnRxChar" v="don&amp;apos;t generate code" />
      <event name="OnTxChar" v="don&amp;apos;t generate code" />
      <event name="OnFreeTxBuf" v="don&amp;apos;t generate code" />
      <event name="OnFullRxBuf" v="don&amp;apos;t generate code" />
      <event name="OnArbitLost" v="don&amp;apos;t generate code" />
      <event name="OnNACK" v="don&amp;apos;t generate code" />
      <event name="OnError" v="don&amp;apos;t generate code" />
      <event name="OnTxEmptyChar" v="don&amp;apos;t generate code" />
      <event name="OnGeneralCall" v="don&amp;apos;t generate code" />
      <event name="OnSCLlowTimeout" v="don&amp;apos;t generate code" />
      <event name="OnSDAlowTimeout" v="don&amp;apos;t generate code" />
      <event name="OnSecondAddr" v="don&amp;apos;t generate code" />
      <event name="OnAlertResponse" v="don&amp;apos;t generate code" />
    </Events>
  </Bean>
</PE_PROJECT_SETTINGS_DOCUMENTATION>

